bytes,content-type,elapsed,endpoint,resource,status,entry-date,start-date,end-date
167,text/plain; charset=utf-8,0.115,6b005b75a800e8a3254217887601bc74f0b0b885d61139f048c093a37b971cd9,7034ede9785ba31f9a58d3b9cea470f2af0a0446cd8194e0960bf698d70fd25d,200,2021-09-10T10:50:34.460107,,
167,text/plain; charset=utf-8,0.139,6b005b75a800e8a3254217887601bc74f0b0b885d61139f048c093a37b971cd9,7034ede9785ba31f9a58d3b9cea470f2af0a0446cd8194e0960bf698d70fd25d,200,2021-09-11T01:05:48.108007,,
167,text/plain; charset=utf-8,0.216,6b005b75a800e8a3254217887601bc74f0b0b885d61139f048c093a37b971cd9,7034ede9785ba31f9a58d3b9cea470f2af0a0446cd8194e0960bf698d70fd25d,200,2021-09-12T01:10:25.766161,,
167,text/plain; charset=utf-8,0.14,6b005b75a800e8a3254217887601bc74f0b0b885d61139f048c093a37b971cd9,7034ede9785ba31f9a58d3b9cea470f2af0a0446cd8194e0960bf698d70fd25d,200,2021-09-13T01:09:48.973541,,
167,text/plain; charset=utf-8,0.115,6b005b75a800e8a3254217887601bc74f0b0b885d61139f048c093a37b971cd9,7034ede9785ba31f9a58d3b9cea470f2af0a0446cd8194e0960bf698d70fd25d,200,2021-09-14T01:11:02.429121,,
167,text/plain; charset=utf-8,0.122,6b005b75a800e8a3254217887601bc74f0b0b885d61139f048c093a37b971cd9,7034ede9785ba31f9a58d3b9cea470f2af0a0446cd8194e0960bf698d70fd25d,200,2021-09-15T01:07:36.166563,,
167,text/plain; charset=utf-8,0.196,6b005b75a800e8a3254217887601bc74f0b0b885d61139f048c093a37b971cd9,7034ede9785ba31f9a58d3b9cea470f2af0a0446cd8194e0960bf698d70fd25d,200,2021-09-16T01:12:14.719066,,
167,text/plain; charset=utf-8,0.219,6b005b75a800e8a3254217887601bc74f0b0b885d61139f048c093a37b971cd9,7034ede9785ba31f9a58d3b9cea470f2af0a0446cd8194e0960bf698d70fd25d,200,2021-09-17T08:53:02.829991,,
167,text/plain; charset=utf-8,0.111,6b005b75a800e8a3254217887601bc74f0b0b885d61139f048c093a37b971cd9,7034ede9785ba31f9a58d3b9cea470f2af0a0446cd8194e0960bf698d70fd25d,200,2021-09-18T01:07:16.771044,,
167,text/plain; charset=utf-8,0.124,6b005b75a800e8a3254217887601bc74f0b0b885d61139f048c093a37b971cd9,7034ede9785ba31f9a58d3b9cea470f2af0a0446cd8194e0960bf698d70fd25d,200,2021-09-19T01:09:28.920058,,
167,text/plain; charset=utf-8,0.102,6b005b75a800e8a3254217887601bc74f0b0b885d61139f048c093a37b971cd9,7034ede9785ba31f9a58d3b9cea470f2af0a0446cd8194e0960bf698d70fd25d,200,2021-09-20T01:12:50.625544,,
167,text/plain; charset=utf-8,0.125,6b005b75a800e8a3254217887601bc74f0b0b885d61139f048c093a37b971cd9,7034ede9785ba31f9a58d3b9cea470f2af0a0446cd8194e0960bf698d70fd25d,200,2021-09-21T01:10:22.123082,,
167,text/plain; charset=utf-8,0.178,6b005b75a800e8a3254217887601bc74f0b0b885d61139f048c093a37b971cd9,7034ede9785ba31f9a58d3b9cea470f2af0a0446cd8194e0960bf698d70fd25d,200,2021-09-22T01:11:10.895418,,
167,text/plain; charset=utf-8,0.193,6b005b75a800e8a3254217887601bc74f0b0b885d61139f048c093a37b971cd9,7034ede9785ba31f9a58d3b9cea470f2af0a0446cd8194e0960bf698d70fd25d,200,2021-09-23T01:14:50.202099,,
167,text/plain; charset=utf-8,0.439,6b005b75a800e8a3254217887601bc74f0b0b885d61139f048c093a37b971cd9,7034ede9785ba31f9a58d3b9cea470f2af0a0446cd8194e0960bf698d70fd25d,200,2021-09-24T01:12:21.686220,,
167,text/plain; charset=utf-8,0.199,6b005b75a800e8a3254217887601bc74f0b0b885d61139f048c093a37b971cd9,7034ede9785ba31f9a58d3b9cea470f2af0a0446cd8194e0960bf698d70fd25d,200,2021-09-25T01:07:42.528787,,
167,text/plain; charset=utf-8,0.102,6b005b75a800e8a3254217887601bc74f0b0b885d61139f048c093a37b971cd9,7034ede9785ba31f9a58d3b9cea470f2af0a0446cd8194e0960bf698d70fd25d,200,2021-09-26T01:11:05.907805,,
167,text/plain; charset=utf-8,0.183,6b005b75a800e8a3254217887601bc74f0b0b885d61139f048c093a37b971cd9,7034ede9785ba31f9a58d3b9cea470f2af0a0446cd8194e0960bf698d70fd25d,200,2021-09-27T01:08:59.417258,,
167,text/plain; charset=utf-8,0.168,6b005b75a800e8a3254217887601bc74f0b0b885d61139f048c093a37b971cd9,7034ede9785ba31f9a58d3b9cea470f2af0a0446cd8194e0960bf698d70fd25d,200,2021-09-28T01:10:15.492938,,
167,text/plain; charset=utf-8,0.124,6b005b75a800e8a3254217887601bc74f0b0b885d61139f048c093a37b971cd9,7034ede9785ba31f9a58d3b9cea470f2af0a0446cd8194e0960bf698d70fd25d,200,2021-09-29T01:06:20.140868,,
167,text/plain; charset=utf-8,0.195,6b005b75a800e8a3254217887601bc74f0b0b885d61139f048c093a37b971cd9,7034ede9785ba31f9a58d3b9cea470f2af0a0446cd8194e0960bf698d70fd25d,200,2021-09-30T01:16:25.999940,,
167,text/plain; charset=utf-8,0.108,6b005b75a800e8a3254217887601bc74f0b0b885d61139f048c093a37b971cd9,7034ede9785ba31f9a58d3b9cea470f2af0a0446cd8194e0960bf698d70fd25d,200,2021-10-01T01:14:57.921447,,
167,text/plain; charset=utf-8,0.19,6b005b75a800e8a3254217887601bc74f0b0b885d61139f048c093a37b971cd9,7034ede9785ba31f9a58d3b9cea470f2af0a0446cd8194e0960bf698d70fd25d,200,2021-10-02T01:08:57.052499,,
167,text/plain; charset=utf-8,0.124,6b005b75a800e8a3254217887601bc74f0b0b885d61139f048c093a37b971cd9,7034ede9785ba31f9a58d3b9cea470f2af0a0446cd8194e0960bf698d70fd25d,200,2021-10-03T01:15:42.111354,,
167,text/plain; charset=utf-8,0.186,6b005b75a800e8a3254217887601bc74f0b0b885d61139f048c093a37b971cd9,7034ede9785ba31f9a58d3b9cea470f2af0a0446cd8194e0960bf698d70fd25d,200,2021-10-04T01:16:13.503563,,
167,text/plain; charset=utf-8,0.136,6b005b75a800e8a3254217887601bc74f0b0b885d61139f048c093a37b971cd9,7034ede9785ba31f9a58d3b9cea470f2af0a0446cd8194e0960bf698d70fd25d,200,2021-10-05T01:10:07.593123,,
167,text/plain; charset=utf-8,0.124,6b005b75a800e8a3254217887601bc74f0b0b885d61139f048c093a37b971cd9,7034ede9785ba31f9a58d3b9cea470f2af0a0446cd8194e0960bf698d70fd25d,200,2021-10-06T01:10:38.502441,,
167,text/plain; charset=utf-8,0.139,6b005b75a800e8a3254217887601bc74f0b0b885d61139f048c093a37b971cd9,7034ede9785ba31f9a58d3b9cea470f2af0a0446cd8194e0960bf698d70fd25d,200,2021-10-07T01:12:28.066470,,
167,text/plain; charset=utf-8,0.176,6b005b75a800e8a3254217887601bc74f0b0b885d61139f048c093a37b971cd9,7034ede9785ba31f9a58d3b9cea470f2af0a0446cd8194e0960bf698d70fd25d,200,2021-10-08T01:14:36.628453,,
167,text/plain; charset=utf-8,0.117,6b005b75a800e8a3254217887601bc74f0b0b885d61139f048c093a37b971cd9,7034ede9785ba31f9a58d3b9cea470f2af0a0446cd8194e0960bf698d70fd25d,200,2021-10-09T01:07:24.595514,,
167,text/plain; charset=utf-8,0.123,6b005b75a800e8a3254217887601bc74f0b0b885d61139f048c093a37b971cd9,7034ede9785ba31f9a58d3b9cea470f2af0a0446cd8194e0960bf698d70fd25d,200,2021-10-10T01:12:21.602905,,
167,text/plain; charset=utf-8,0.13,6b005b75a800e8a3254217887601bc74f0b0b885d61139f048c093a37b971cd9,7034ede9785ba31f9a58d3b9cea470f2af0a0446cd8194e0960bf698d70fd25d,200,2021-10-11T01:13:04.681199,,
167,text/plain; charset=utf-8,0.137,6b005b75a800e8a3254217887601bc74f0b0b885d61139f048c093a37b971cd9,7034ede9785ba31f9a58d3b9cea470f2af0a0446cd8194e0960bf698d70fd25d,200,2021-10-12T01:14:19.886435,,
167,text/plain; charset=utf-8,0.125,6b005b75a800e8a3254217887601bc74f0b0b885d61139f048c093a37b971cd9,7034ede9785ba31f9a58d3b9cea470f2af0a0446cd8194e0960bf698d70fd25d,200,2021-10-13T01:13:15.845919,,
167,text/plain; charset=utf-8,0.134,6b005b75a800e8a3254217887601bc74f0b0b885d61139f048c093a37b971cd9,7034ede9785ba31f9a58d3b9cea470f2af0a0446cd8194e0960bf698d70fd25d,200,2021-10-14T01:10:11.459859,,
167,text/plain; charset=utf-8,0.138,6b005b75a800e8a3254217887601bc74f0b0b885d61139f048c093a37b971cd9,7034ede9785ba31f9a58d3b9cea470f2af0a0446cd8194e0960bf698d70fd25d,200,2021-10-15T01:14:46.716893,,
167,text/plain; charset=utf-8,0.118,6b005b75a800e8a3254217887601bc74f0b0b885d61139f048c093a37b971cd9,7034ede9785ba31f9a58d3b9cea470f2af0a0446cd8194e0960bf698d70fd25d,200,2021-10-16T01:17:30.253654,,
167,text/plain; charset=utf-8,0.122,6b005b75a800e8a3254217887601bc74f0b0b885d61139f048c093a37b971cd9,7034ede9785ba31f9a58d3b9cea470f2af0a0446cd8194e0960bf698d70fd25d,200,2021-10-17T01:11:39.244275,,
167,text/plain; charset=utf-8,0.151,6b005b75a800e8a3254217887601bc74f0b0b885d61139f048c093a37b971cd9,7034ede9785ba31f9a58d3b9cea470f2af0a0446cd8194e0960bf698d70fd25d,200,2021-10-18T01:15:11.695939,,
167,text/plain; charset=utf-8,0.126,6b005b75a800e8a3254217887601bc74f0b0b885d61139f048c093a37b971cd9,7034ede9785ba31f9a58d3b9cea470f2af0a0446cd8194e0960bf698d70fd25d,200,2021-10-19T01:14:51.354720,,
167,text/plain; charset=utf-8,0.17,6b005b75a800e8a3254217887601bc74f0b0b885d61139f048c093a37b971cd9,7034ede9785ba31f9a58d3b9cea470f2af0a0446cd8194e0960bf698d70fd25d,200,2021-10-20T01:13:48.565165,,
167,text/plain; charset=utf-8,0.194,6b005b75a800e8a3254217887601bc74f0b0b885d61139f048c093a37b971cd9,7034ede9785ba31f9a58d3b9cea470f2af0a0446cd8194e0960bf698d70fd25d,200,2021-10-21T01:19:39.850309,,
167,text/plain; charset=utf-8,0.195,6b005b75a800e8a3254217887601bc74f0b0b885d61139f048c093a37b971cd9,7034ede9785ba31f9a58d3b9cea470f2af0a0446cd8194e0960bf698d70fd25d,200,2021-10-22T01:21:00.122296,,
167,text/plain; charset=utf-8,0.116,6b005b75a800e8a3254217887601bc74f0b0b885d61139f048c093a37b971cd9,7034ede9785ba31f9a58d3b9cea470f2af0a0446cd8194e0960bf698d70fd25d,200,2021-10-23T01:14:29.654063,,
167,text/plain; charset=utf-8,0.126,6b005b75a800e8a3254217887601bc74f0b0b885d61139f048c093a37b971cd9,7034ede9785ba31f9a58d3b9cea470f2af0a0446cd8194e0960bf698d70fd25d,200,2021-10-24T01:12:07.399693,,
167,text/plain; charset=utf-8,0.116,6b005b75a800e8a3254217887601bc74f0b0b885d61139f048c093a37b971cd9,7034ede9785ba31f9a58d3b9cea470f2af0a0446cd8194e0960bf698d70fd25d,200,2021-10-25T01:12:37.704232,,
167,text/plain; charset=utf-8,0.253,6b005b75a800e8a3254217887601bc74f0b0b885d61139f048c093a37b971cd9,7034ede9785ba31f9a58d3b9cea470f2af0a0446cd8194e0960bf698d70fd25d,200,2021-10-26T01:07:57.489414,,
167,text/plain; charset=utf-8,0.133,6b005b75a800e8a3254217887601bc74f0b0b885d61139f048c093a37b971cd9,7034ede9785ba31f9a58d3b9cea470f2af0a0446cd8194e0960bf698d70fd25d,200,2021-10-27T01:07:39.744192,,
167,text/plain; charset=utf-8,0.133,6b005b75a800e8a3254217887601bc74f0b0b885d61139f048c093a37b971cd9,7034ede9785ba31f9a58d3b9cea470f2af0a0446cd8194e0960bf698d70fd25d,200,2021-10-28T01:08:50.704776,,
167,text/plain; charset=utf-8,0.141,6b005b75a800e8a3254217887601bc74f0b0b885d61139f048c093a37b971cd9,7034ede9785ba31f9a58d3b9cea470f2af0a0446cd8194e0960bf698d70fd25d,200,2021-10-29T01:06:37.577903,,
167,text/plain; charset=utf-8,0.19,6b005b75a800e8a3254217887601bc74f0b0b885d61139f048c093a37b971cd9,7034ede9785ba31f9a58d3b9cea470f2af0a0446cd8194e0960bf698d70fd25d,200,2021-10-30T01:07:02.742663,,
167,text/plain; charset=utf-8,0.142,6b005b75a800e8a3254217887601bc74f0b0b885d61139f048c093a37b971cd9,7034ede9785ba31f9a58d3b9cea470f2af0a0446cd8194e0960bf698d70fd25d,200,2021-10-31T01:11:55.415312,,
167,text/plain; charset=utf-8,0.187,6b005b75a800e8a3254217887601bc74f0b0b885d61139f048c093a37b971cd9,7034ede9785ba31f9a58d3b9cea470f2af0a0446cd8194e0960bf698d70fd25d,200,2021-11-01T01:12:18.751400,,
167,text/plain; charset=utf-8,1.038,6b005b75a800e8a3254217887601bc74f0b0b885d61139f048c093a37b971cd9,7034ede9785ba31f9a58d3b9cea470f2af0a0446cd8194e0960bf698d70fd25d,200,2021-11-02T01:12:41.228978,,
167,text/plain; charset=utf-8,0.203,6b005b75a800e8a3254217887601bc74f0b0b885d61139f048c093a37b971cd9,7034ede9785ba31f9a58d3b9cea470f2af0a0446cd8194e0960bf698d70fd25d,200,2021-11-03T01:09:56.969303,,
167,text/plain; charset=utf-8,0.115,6b005b75a800e8a3254217887601bc74f0b0b885d61139f048c093a37b971cd9,7034ede9785ba31f9a58d3b9cea470f2af0a0446cd8194e0960bf698d70fd25d,200,2021-11-04T01:08:49.751259,,
167,text/plain; charset=utf-8,0.195,6b005b75a800e8a3254217887601bc74f0b0b885d61139f048c093a37b971cd9,7034ede9785ba31f9a58d3b9cea470f2af0a0446cd8194e0960bf698d70fd25d,200,2021-11-05T01:08:55.344755,,
167,text/plain; charset=utf-8,0.126,6b005b75a800e8a3254217887601bc74f0b0b885d61139f048c093a37b971cd9,7034ede9785ba31f9a58d3b9cea470f2af0a0446cd8194e0960bf698d70fd25d,200,2021-11-06T01:06:43.874197,,
167,text/plain; charset=utf-8,0.114,6b005b75a800e8a3254217887601bc74f0b0b885d61139f048c093a37b971cd9,7034ede9785ba31f9a58d3b9cea470f2af0a0446cd8194e0960bf698d70fd25d,200,2021-11-07T01:12:03.368293,,
167,text/plain; charset=utf-8,0.12,6b005b75a800e8a3254217887601bc74f0b0b885d61139f048c093a37b971cd9,7034ede9785ba31f9a58d3b9cea470f2af0a0446cd8194e0960bf698d70fd25d,200,2021-11-08T01:09:27.368753,,
167,text/plain; charset=utf-8,0.133,6b005b75a800e8a3254217887601bc74f0b0b885d61139f048c093a37b971cd9,7034ede9785ba31f9a58d3b9cea470f2af0a0446cd8194e0960bf698d70fd25d,200,2021-11-09T01:12:22.893089,,
167,text/plain; charset=utf-8,0.267,6b005b75a800e8a3254217887601bc74f0b0b885d61139f048c093a37b971cd9,7034ede9785ba31f9a58d3b9cea470f2af0a0446cd8194e0960bf698d70fd25d,200,2021-11-10T01:09:46.233418,,
167,text/plain; charset=utf-8,0.152,6b005b75a800e8a3254217887601bc74f0b0b885d61139f048c093a37b971cd9,7034ede9785ba31f9a58d3b9cea470f2af0a0446cd8194e0960bf698d70fd25d,200,2021-11-11T01:10:22.312168,,
167,text/plain; charset=utf-8,0.425,6b005b75a800e8a3254217887601bc74f0b0b885d61139f048c093a37b971cd9,7034ede9785ba31f9a58d3b9cea470f2af0a0446cd8194e0960bf698d70fd25d,200,2021-11-12T01:10:45.459646,,
167,text/plain; charset=utf-8,0.171,6b005b75a800e8a3254217887601bc74f0b0b885d61139f048c093a37b971cd9,7034ede9785ba31f9a58d3b9cea470f2af0a0446cd8194e0960bf698d70fd25d,200,2021-11-13T01:08:12.550623,,
167,text/plain; charset=utf-8,0.174,6b005b75a800e8a3254217887601bc74f0b0b885d61139f048c093a37b971cd9,7034ede9785ba31f9a58d3b9cea470f2af0a0446cd8194e0960bf698d70fd25d,200,2021-11-14T01:11:55.418266,,
167,text/plain; charset=utf-8,0.417,6b005b75a800e8a3254217887601bc74f0b0b885d61139f048c093a37b971cd9,7034ede9785ba31f9a58d3b9cea470f2af0a0446cd8194e0960bf698d70fd25d,200,2021-11-15T01:09:54.361793,,
167,text/plain; charset=utf-8,0.143,6b005b75a800e8a3254217887601bc74f0b0b885d61139f048c093a37b971cd9,7034ede9785ba31f9a58d3b9cea470f2af0a0446cd8194e0960bf698d70fd25d,200,2021-11-16T01:09:55.204313,,
167,text/plain; charset=utf-8,0.118,6b005b75a800e8a3254217887601bc74f0b0b885d61139f048c093a37b971cd9,7034ede9785ba31f9a58d3b9cea470f2af0a0446cd8194e0960bf698d70fd25d,200,2021-11-17T01:09:06.867675,,
167,text/plain; charset=utf-8,0.123,6b005b75a800e8a3254217887601bc74f0b0b885d61139f048c093a37b971cd9,7034ede9785ba31f9a58d3b9cea470f2af0a0446cd8194e0960bf698d70fd25d,200,2021-11-18T01:09:56.355266,,
167,text/plain; charset=utf-8,0.11,6b005b75a800e8a3254217887601bc74f0b0b885d61139f048c093a37b971cd9,7034ede9785ba31f9a58d3b9cea470f2af0a0446cd8194e0960bf698d70fd25d,200,2021-11-19T01:09:53.158629,,
167,text/plain; charset=utf-8,0.168,6b005b75a800e8a3254217887601bc74f0b0b885d61139f048c093a37b971cd9,7034ede9785ba31f9a58d3b9cea470f2af0a0446cd8194e0960bf698d70fd25d,200,2021-11-20T01:08:09.092359,,
167,text/plain; charset=utf-8,0.194,6b005b75a800e8a3254217887601bc74f0b0b885d61139f048c093a37b971cd9,7034ede9785ba31f9a58d3b9cea470f2af0a0446cd8194e0960bf698d70fd25d,200,2021-11-21T01:12:40.346461,,
167,text/plain; charset=utf-8,0.146,6b005b75a800e8a3254217887601bc74f0b0b885d61139f048c093a37b971cd9,7034ede9785ba31f9a58d3b9cea470f2af0a0446cd8194e0960bf698d70fd25d,200,2021-11-22T01:10:51.548535,,
167,text/plain; charset=utf-8,0.12,6b005b75a800e8a3254217887601bc74f0b0b885d61139f048c093a37b971cd9,7034ede9785ba31f9a58d3b9cea470f2af0a0446cd8194e0960bf698d70fd25d,200,2021-11-23T01:09:20.228268,,
167,text/plain; charset=utf-8,0.231,6b005b75a800e8a3254217887601bc74f0b0b885d61139f048c093a37b971cd9,7034ede9785ba31f9a58d3b9cea470f2af0a0446cd8194e0960bf698d70fd25d,200,2021-11-24T01:09:08.639986,,
167,text/plain; charset=utf-8,0.213,6b005b75a800e8a3254217887601bc74f0b0b885d61139f048c093a37b971cd9,7034ede9785ba31f9a58d3b9cea470f2af0a0446cd8194e0960bf698d70fd25d,200,2021-11-25T01:10:46.934838,,
167,text/plain; charset=utf-8,0.131,6b005b75a800e8a3254217887601bc74f0b0b885d61139f048c093a37b971cd9,7034ede9785ba31f9a58d3b9cea470f2af0a0446cd8194e0960bf698d70fd25d,200,2021-11-26T01:08:37.187159,,
167,text/plain; charset=utf-8,0.141,6b005b75a800e8a3254217887601bc74f0b0b885d61139f048c093a37b971cd9,7034ede9785ba31f9a58d3b9cea470f2af0a0446cd8194e0960bf698d70fd25d,200,2021-11-27T01:07:53.776320,,
167,text/plain; charset=utf-8,0.122,6b005b75a800e8a3254217887601bc74f0b0b885d61139f048c093a37b971cd9,7034ede9785ba31f9a58d3b9cea470f2af0a0446cd8194e0960bf698d70fd25d,200,2021-11-28T01:10:53.257681,,
167,text/plain; charset=utf-8,0.152,6b005b75a800e8a3254217887601bc74f0b0b885d61139f048c093a37b971cd9,7034ede9785ba31f9a58d3b9cea470f2af0a0446cd8194e0960bf698d70fd25d,200,2021-11-29T01:10:03.525027,,
167,text/plain; charset=utf-8,0.136,6b005b75a800e8a3254217887601bc74f0b0b885d61139f048c093a37b971cd9,7034ede9785ba31f9a58d3b9cea470f2af0a0446cd8194e0960bf698d70fd25d,200,2021-11-30T01:08:49.451217,,
167,text/plain; charset=utf-8,0.223,6b005b75a800e8a3254217887601bc74f0b0b885d61139f048c093a37b971cd9,7034ede9785ba31f9a58d3b9cea470f2af0a0446cd8194e0960bf698d70fd25d,200,2021-12-01T01:14:29.199010,,
167,text/plain; charset=utf-8,0.135,6b005b75a800e8a3254217887601bc74f0b0b885d61139f048c093a37b971cd9,7034ede9785ba31f9a58d3b9cea470f2af0a0446cd8194e0960bf698d70fd25d,200,2021-12-02T01:11:13.775454,,
167,text/plain; charset=utf-8,0.127,6b005b75a800e8a3254217887601bc74f0b0b885d61139f048c093a37b971cd9,7034ede9785ba31f9a58d3b9cea470f2af0a0446cd8194e0960bf698d70fd25d,200,2021-12-03T01:10:27.476951,,
167,text/plain; charset=utf-8,0.171,6b005b75a800e8a3254217887601bc74f0b0b885d61139f048c093a37b971cd9,7034ede9785ba31f9a58d3b9cea470f2af0a0446cd8194e0960bf698d70fd25d,200,2021-12-04T01:10:07.875473,,
167,text/plain; charset=utf-8,0.145,6b005b75a800e8a3254217887601bc74f0b0b885d61139f048c093a37b971cd9,7034ede9785ba31f9a58d3b9cea470f2af0a0446cd8194e0960bf698d70fd25d,200,2021-12-05T01:16:43.050908,,
167,text/plain; charset=utf-8,0.205,6b005b75a800e8a3254217887601bc74f0b0b885d61139f048c093a37b971cd9,7034ede9785ba31f9a58d3b9cea470f2af0a0446cd8194e0960bf698d70fd25d,200,2021-12-06T01:13:16.967579,,
167,text/plain; charset=utf-8,0.168,6b005b75a800e8a3254217887601bc74f0b0b885d61139f048c093a37b971cd9,7034ede9785ba31f9a58d3b9cea470f2af0a0446cd8194e0960bf698d70fd25d,200,2021-12-07T01:14:59.683805,,
167,text/plain; charset=utf-8,0.178,6b005b75a800e8a3254217887601bc74f0b0b885d61139f048c093a37b971cd9,7034ede9785ba31f9a58d3b9cea470f2af0a0446cd8194e0960bf698d70fd25d,200,2021-12-08T01:13:51.622494,,
167,text/plain; charset=utf-8,0.202,6b005b75a800e8a3254217887601bc74f0b0b885d61139f048c093a37b971cd9,7034ede9785ba31f9a58d3b9cea470f2af0a0446cd8194e0960bf698d70fd25d,200,2021-12-09T01:12:33.429131,,
167,text/plain; charset=utf-8,0.223,6b005b75a800e8a3254217887601bc74f0b0b885d61139f048c093a37b971cd9,7034ede9785ba31f9a58d3b9cea470f2af0a0446cd8194e0960bf698d70fd25d,200,2021-12-10T01:12:26.605117,,
167,text/plain; charset=utf-8,0.128,6b005b75a800e8a3254217887601bc74f0b0b885d61139f048c093a37b971cd9,7034ede9785ba31f9a58d3b9cea470f2af0a0446cd8194e0960bf698d70fd25d,200,2021-12-11T01:10:49.809916,,
167,text/plain; charset=utf-8,0.123,6b005b75a800e8a3254217887601bc74f0b0b885d61139f048c093a37b971cd9,7034ede9785ba31f9a58d3b9cea470f2af0a0446cd8194e0960bf698d70fd25d,200,2021-12-12T01:15:37.252081,,
167,text/plain; charset=utf-8,0.203,6b005b75a800e8a3254217887601bc74f0b0b885d61139f048c093a37b971cd9,7034ede9785ba31f9a58d3b9cea470f2af0a0446cd8194e0960bf698d70fd25d,200,2021-12-13T01:12:02.317820,,
167,text/plain; charset=utf-8,0.137,6b005b75a800e8a3254217887601bc74f0b0b885d61139f048c093a37b971cd9,7034ede9785ba31f9a58d3b9cea470f2af0a0446cd8194e0960bf698d70fd25d,200,2021-12-14T01:15:29.460134,,
167,text/plain; charset=utf-8,0.241,6b005b75a800e8a3254217887601bc74f0b0b885d61139f048c093a37b971cd9,7034ede9785ba31f9a58d3b9cea470f2af0a0446cd8194e0960bf698d70fd25d,200,2021-12-15T01:11:50.488603,,
167,text/plain; charset=utf-8,0.186,6b005b75a800e8a3254217887601bc74f0b0b885d61139f048c093a37b971cd9,7034ede9785ba31f9a58d3b9cea470f2af0a0446cd8194e0960bf698d70fd25d,200,2021-12-16T01:11:35.820569,,
167,text/plain; charset=utf-8,0.127,6b005b75a800e8a3254217887601bc74f0b0b885d61139f048c093a37b971cd9,7034ede9785ba31f9a58d3b9cea470f2af0a0446cd8194e0960bf698d70fd25d,200,2021-12-17T01:14:39.930581,,
167,text/plain; charset=utf-8,0.118,6b005b75a800e8a3254217887601bc74f0b0b885d61139f048c093a37b971cd9,7034ede9785ba31f9a58d3b9cea470f2af0a0446cd8194e0960bf698d70fd25d,200,2021-12-18T01:16:41.682968,,
167,text/plain; charset=utf-8,0.19,6b005b75a800e8a3254217887601bc74f0b0b885d61139f048c093a37b971cd9,7034ede9785ba31f9a58d3b9cea470f2af0a0446cd8194e0960bf698d70fd25d,200,2021-12-19T01:18:54.669687,,
167,text/plain; charset=utf-8,0.146,6b005b75a800e8a3254217887601bc74f0b0b885d61139f048c093a37b971cd9,7034ede9785ba31f9a58d3b9cea470f2af0a0446cd8194e0960bf698d70fd25d,200,2021-12-20T01:14:48.178917,,
167,text/plain; charset=utf-8,0.123,6b005b75a800e8a3254217887601bc74f0b0b885d61139f048c093a37b971cd9,7034ede9785ba31f9a58d3b9cea470f2af0a0446cd8194e0960bf698d70fd25d,200,2021-12-21T01:16:15.638163,,
167,text/plain; charset=utf-8,0.126,6b005b75a800e8a3254217887601bc74f0b0b885d61139f048c093a37b971cd9,7034ede9785ba31f9a58d3b9cea470f2af0a0446cd8194e0960bf698d70fd25d,200,2021-12-22T01:15:35.661926,,
167,text/plain; charset=utf-8,0.136,6b005b75a800e8a3254217887601bc74f0b0b885d61139f048c093a37b971cd9,7034ede9785ba31f9a58d3b9cea470f2af0a0446cd8194e0960bf698d70fd25d,200,2021-12-23T01:13:48.126025,,
167,text/plain; charset=utf-8,0.124,6b005b75a800e8a3254217887601bc74f0b0b885d61139f048c093a37b971cd9,7034ede9785ba31f9a58d3b9cea470f2af0a0446cd8194e0960bf698d70fd25d,200,2021-12-24T01:13:14.292114,,
167,text/plain; charset=utf-8,0.204,6b005b75a800e8a3254217887601bc74f0b0b885d61139f048c093a37b971cd9,7034ede9785ba31f9a58d3b9cea470f2af0a0446cd8194e0960bf698d70fd25d,200,2021-12-25T01:12:35.477526,,
167,text/plain; charset=utf-8,0.198,6b005b75a800e8a3254217887601bc74f0b0b885d61139f048c093a37b971cd9,7034ede9785ba31f9a58d3b9cea470f2af0a0446cd8194e0960bf698d70fd25d,200,2021-12-26T01:18:35.565785,,
167,text/plain; charset=utf-8,0.123,6b005b75a800e8a3254217887601bc74f0b0b885d61139f048c093a37b971cd9,7034ede9785ba31f9a58d3b9cea470f2af0a0446cd8194e0960bf698d70fd25d,200,2021-12-27T01:14:22.937427,,
167,text/plain; charset=utf-8,0.133,6b005b75a800e8a3254217887601bc74f0b0b885d61139f048c093a37b971cd9,7034ede9785ba31f9a58d3b9cea470f2af0a0446cd8194e0960bf698d70fd25d,200,2021-12-28T01:13:44.924523,,
167,text/plain; charset=utf-8,0.155,6b005b75a800e8a3254217887601bc74f0b0b885d61139f048c093a37b971cd9,7034ede9785ba31f9a58d3b9cea470f2af0a0446cd8194e0960bf698d70fd25d,200,2021-12-29T01:13:13.922008,,
167,text/plain; charset=utf-8,0.146,6b005b75a800e8a3254217887601bc74f0b0b885d61139f048c093a37b971cd9,7034ede9785ba31f9a58d3b9cea470f2af0a0446cd8194e0960bf698d70fd25d,200,2021-12-30T01:13:56.488628,,
167,text/plain; charset=utf-8,0.185,6b005b75a800e8a3254217887601bc74f0b0b885d61139f048c093a37b971cd9,7034ede9785ba31f9a58d3b9cea470f2af0a0446cd8194e0960bf698d70fd25d,200,2021-12-31T01:16:02.802341,,
167,text/plain; charset=utf-8,0.205,6b005b75a800e8a3254217887601bc74f0b0b885d61139f048c093a37b971cd9,7034ede9785ba31f9a58d3b9cea470f2af0a0446cd8194e0960bf698d70fd25d,200,2022-01-01T01:16:57.559016,,
167,text/plain; charset=utf-8,0.124,6b005b75a800e8a3254217887601bc74f0b0b885d61139f048c093a37b971cd9,7034ede9785ba31f9a58d3b9cea470f2af0a0446cd8194e0960bf698d70fd25d,200,2022-01-02T01:18:30.926019,,
167,text/plain; charset=utf-8,0.149,6b005b75a800e8a3254217887601bc74f0b0b885d61139f048c093a37b971cd9,7034ede9785ba31f9a58d3b9cea470f2af0a0446cd8194e0960bf698d70fd25d,200,2022-01-03T01:14:51.469049,,
167,text/plain; charset=utf-8,0.163,6b005b75a800e8a3254217887601bc74f0b0b885d61139f048c093a37b971cd9,7034ede9785ba31f9a58d3b9cea470f2af0a0446cd8194e0960bf698d70fd25d,200,2022-01-04T01:15:53.886293,,
167,text/plain; charset=utf-8,2.517,6b005b75a800e8a3254217887601bc74f0b0b885d61139f048c093a37b971cd9,7034ede9785ba31f9a58d3b9cea470f2af0a0446cd8194e0960bf698d70fd25d,200,2022-01-05T01:17:28.889148,,
167,text/plain; charset=utf-8,2.349,6b005b75a800e8a3254217887601bc74f0b0b885d61139f048c093a37b971cd9,7034ede9785ba31f9a58d3b9cea470f2af0a0446cd8194e0960bf698d70fd25d,200,2022-01-06T01:22:19.020147,,
167,text/plain; charset=utf-8,0.141,6b005b75a800e8a3254217887601bc74f0b0b885d61139f048c093a37b971cd9,7034ede9785ba31f9a58d3b9cea470f2af0a0446cd8194e0960bf698d70fd25d,200,2022-01-07T01:21:56.830283,,
167,text/plain; charset=utf-8,0.148,6b005b75a800e8a3254217887601bc74f0b0b885d61139f048c093a37b971cd9,7034ede9785ba31f9a58d3b9cea470f2af0a0446cd8194e0960bf698d70fd25d,200,2022-01-08T01:15:37.797424,,
167,text/plain; charset=utf-8,5.649,6b005b75a800e8a3254217887601bc74f0b0b885d61139f048c093a37b971cd9,7034ede9785ba31f9a58d3b9cea470f2af0a0446cd8194e0960bf698d70fd25d,200,2022-01-09T01:19:52.513804,,
167,text/plain; charset=utf-8,0.724,6b005b75a800e8a3254217887601bc74f0b0b885d61139f048c093a37b971cd9,7034ede9785ba31f9a58d3b9cea470f2af0a0446cd8194e0960bf698d70fd25d,200,2022-01-10T01:15:12.373401,,
167,text/plain; charset=utf-8,0.294,6b005b75a800e8a3254217887601bc74f0b0b885d61139f048c093a37b971cd9,7034ede9785ba31f9a58d3b9cea470f2af0a0446cd8194e0960bf698d70fd25d,200,2022-01-11T01:17:49.973681,,
167,text/plain; charset=utf-8,8.973,6b005b75a800e8a3254217887601bc74f0b0b885d61139f048c093a37b971cd9,7034ede9785ba31f9a58d3b9cea470f2af0a0446cd8194e0960bf698d70fd25d,200,2022-01-12T01:16:21.396107,,
167,text/plain; charset=utf-8,0.134,6b005b75a800e8a3254217887601bc74f0b0b885d61139f048c093a37b971cd9,7034ede9785ba31f9a58d3b9cea470f2af0a0446cd8194e0960bf698d70fd25d,200,2022-01-13T01:19:26.810552,,
167,text/plain; charset=utf-8,0.19,6b005b75a800e8a3254217887601bc74f0b0b885d61139f048c093a37b971cd9,7034ede9785ba31f9a58d3b9cea470f2af0a0446cd8194e0960bf698d70fd25d,200,2022-01-14T01:18:13.996890,,
167,text/plain; charset=utf-8,0.147,6b005b75a800e8a3254217887601bc74f0b0b885d61139f048c093a37b971cd9,7034ede9785ba31f9a58d3b9cea470f2af0a0446cd8194e0960bf698d70fd25d,200,2022-01-15T01:15:25.291863,,
167,text/plain; charset=utf-8,0.168,6b005b75a800e8a3254217887601bc74f0b0b885d61139f048c093a37b971cd9,7034ede9785ba31f9a58d3b9cea470f2af0a0446cd8194e0960bf698d70fd25d,200,2022-01-16T01:21:04.145695,,
167,text/plain; charset=utf-8,0.147,6b005b75a800e8a3254217887601bc74f0b0b885d61139f048c093a37b971cd9,7034ede9785ba31f9a58d3b9cea470f2af0a0446cd8194e0960bf698d70fd25d,200,2022-01-17T01:17:37.630872,,
167,text/plain; charset=utf-8,0.132,6b005b75a800e8a3254217887601bc74f0b0b885d61139f048c093a37b971cd9,7034ede9785ba31f9a58d3b9cea470f2af0a0446cd8194e0960bf698d70fd25d,200,2022-01-18T01:18:46.141785,,
167,text/plain; charset=utf-8,0.327,6b005b75a800e8a3254217887601bc74f0b0b885d61139f048c093a37b971cd9,7034ede9785ba31f9a58d3b9cea470f2af0a0446cd8194e0960bf698d70fd25d,200,2022-01-19T01:09:16.101177,,
167,text/plain; charset=utf-8,0.199,6b005b75a800e8a3254217887601bc74f0b0b885d61139f048c093a37b971cd9,7034ede9785ba31f9a58d3b9cea470f2af0a0446cd8194e0960bf698d70fd25d,200,2022-01-20T01:26:14.196157,,
167,text/plain; charset=utf-8,0.109,6b005b75a800e8a3254217887601bc74f0b0b885d61139f048c093a37b971cd9,7034ede9785ba31f9a58d3b9cea470f2af0a0446cd8194e0960bf698d70fd25d,200,2022-01-21T01:09:41.119540,,
167,text/plain; charset=utf-8,0.132,6b005b75a800e8a3254217887601bc74f0b0b885d61139f048c093a37b971cd9,7034ede9785ba31f9a58d3b9cea470f2af0a0446cd8194e0960bf698d70fd25d,200,2022-01-22T01:08:52.495992,,
167,text/plain; charset=utf-8,0.183,6b005b75a800e8a3254217887601bc74f0b0b885d61139f048c093a37b971cd9,7034ede9785ba31f9a58d3b9cea470f2af0a0446cd8194e0960bf698d70fd25d,200,2022-01-23T01:12:19.008921,,
167,text/plain; charset=utf-8,0.231,6b005b75a800e8a3254217887601bc74f0b0b885d61139f048c093a37b971cd9,7034ede9785ba31f9a58d3b9cea470f2af0a0446cd8194e0960bf698d70fd25d,200,2022-01-24T01:15:04.226762,,
167,text/plain; charset=utf-8,0.185,6b005b75a800e8a3254217887601bc74f0b0b885d61139f048c093a37b971cd9,7034ede9785ba31f9a58d3b9cea470f2af0a0446cd8194e0960bf698d70fd25d,200,2022-01-25T01:17:46.399628,,
167,text/plain; charset=utf-8,0.13,6b005b75a800e8a3254217887601bc74f0b0b885d61139f048c093a37b971cd9,7034ede9785ba31f9a58d3b9cea470f2af0a0446cd8194e0960bf698d70fd25d,200,2022-01-26T01:19:04.912825,,
167,text/plain; charset=utf-8,0.236,6b005b75a800e8a3254217887601bc74f0b0b885d61139f048c093a37b971cd9,7034ede9785ba31f9a58d3b9cea470f2af0a0446cd8194e0960bf698d70fd25d,200,2022-01-27T01:12:25.086250,,
167,text/plain; charset=utf-8,0.199,6b005b75a800e8a3254217887601bc74f0b0b885d61139f048c093a37b971cd9,7034ede9785ba31f9a58d3b9cea470f2af0a0446cd8194e0960bf698d70fd25d,200,2022-01-28T01:12:40.581063,,
167,text/plain; charset=utf-8,0.145,6b005b75a800e8a3254217887601bc74f0b0b885d61139f048c093a37b971cd9,7034ede9785ba31f9a58d3b9cea470f2af0a0446cd8194e0960bf698d70fd25d,200,2022-01-29T01:07:17.217725,,
167,text/plain; charset=utf-8,0.607,6b005b75a800e8a3254217887601bc74f0b0b885d61139f048c093a37b971cd9,7034ede9785ba31f9a58d3b9cea470f2af0a0446cd8194e0960bf698d70fd25d,200,2022-01-30T01:13:32.183094,,
167,text/plain; charset=utf-8,0.126,6b005b75a800e8a3254217887601bc74f0b0b885d61139f048c093a37b971cd9,7034ede9785ba31f9a58d3b9cea470f2af0a0446cd8194e0960bf698d70fd25d,200,2022-01-31T01:10:12.798683,,
167,text/plain; charset=utf-8,0.172,6b005b75a800e8a3254217887601bc74f0b0b885d61139f048c093a37b971cd9,7034ede9785ba31f9a58d3b9cea470f2af0a0446cd8194e0960bf698d70fd25d,200,2022-02-01T01:15:34.871234,,
167,text/plain; charset=utf-8,0.123,6b005b75a800e8a3254217887601bc74f0b0b885d61139f048c093a37b971cd9,7034ede9785ba31f9a58d3b9cea470f2af0a0446cd8194e0960bf698d70fd25d,200,2022-02-02T01:13:15.616078,,
167,text/plain; charset=utf-8,0.144,6b005b75a800e8a3254217887601bc74f0b0b885d61139f048c093a37b971cd9,7034ede9785ba31f9a58d3b9cea470f2af0a0446cd8194e0960bf698d70fd25d,200,2022-02-03T01:09:57.303712,,
167,text/plain; charset=utf-8,0.29,6b005b75a800e8a3254217887601bc74f0b0b885d61139f048c093a37b971cd9,7034ede9785ba31f9a58d3b9cea470f2af0a0446cd8194e0960bf698d70fd25d,200,2022-02-04T01:10:02.495493,,
167,text/plain; charset=utf-8,0.127,6b005b75a800e8a3254217887601bc74f0b0b885d61139f048c093a37b971cd9,7034ede9785ba31f9a58d3b9cea470f2af0a0446cd8194e0960bf698d70fd25d,200,2022-02-05T01:02:05.212228,,
167,text/plain; charset=utf-8,0.189,6b005b75a800e8a3254217887601bc74f0b0b885d61139f048c093a37b971cd9,7034ede9785ba31f9a58d3b9cea470f2af0a0446cd8194e0960bf698d70fd25d,200,2022-02-06T01:21:08.776564,,
167,text/plain; charset=utf-8,0.125,6b005b75a800e8a3254217887601bc74f0b0b885d61139f048c093a37b971cd9,7034ede9785ba31f9a58d3b9cea470f2af0a0446cd8194e0960bf698d70fd25d,200,2022-02-07T01:13:01.541343,,
167,text/plain; charset=utf-8,0.176,6b005b75a800e8a3254217887601bc74f0b0b885d61139f048c093a37b971cd9,7034ede9785ba31f9a58d3b9cea470f2af0a0446cd8194e0960bf698d70fd25d,200,2022-02-08T01:15:04.480678,,
167,text/plain; charset=utf-8,0.191,6b005b75a800e8a3254217887601bc74f0b0b885d61139f048c093a37b971cd9,7034ede9785ba31f9a58d3b9cea470f2af0a0446cd8194e0960bf698d70fd25d,200,2022-02-09T01:18:53.209057,,
167,text/plain; charset=utf-8,0.183,6b005b75a800e8a3254217887601bc74f0b0b885d61139f048c093a37b971cd9,7034ede9785ba31f9a58d3b9cea470f2af0a0446cd8194e0960bf698d70fd25d,200,2022-02-10T01:15:02.929093,,
167,text/plain; charset=utf-8,0.13,6b005b75a800e8a3254217887601bc74f0b0b885d61139f048c093a37b971cd9,7034ede9785ba31f9a58d3b9cea470f2af0a0446cd8194e0960bf698d70fd25d,200,2022-02-11T01:18:36.013326,,
167,text/plain; charset=utf-8,0.247,6b005b75a800e8a3254217887601bc74f0b0b885d61139f048c093a37b971cd9,7034ede9785ba31f9a58d3b9cea470f2af0a0446cd8194e0960bf698d70fd25d,200,2022-02-12T01:19:07.256367,,
167,text/plain; charset=utf-8,0.132,6b005b75a800e8a3254217887601bc74f0b0b885d61139f048c093a37b971cd9,7034ede9785ba31f9a58d3b9cea470f2af0a0446cd8194e0960bf698d70fd25d,200,2022-02-13T01:19:52.283794,,
167,text/plain; charset=utf-8,0.123,6b005b75a800e8a3254217887601bc74f0b0b885d61139f048c093a37b971cd9,7034ede9785ba31f9a58d3b9cea470f2af0a0446cd8194e0960bf698d70fd25d,200,2022-02-14T01:11:46.000905,,
167,text/plain; charset=utf-8,0.153,6b005b75a800e8a3254217887601bc74f0b0b885d61139f048c093a37b971cd9,7034ede9785ba31f9a58d3b9cea470f2af0a0446cd8194e0960bf698d70fd25d,200,2022-02-15T01:23:15.413837,,
167,text/plain; charset=utf-8,0.14,6b005b75a800e8a3254217887601bc74f0b0b885d61139f048c093a37b971cd9,7034ede9785ba31f9a58d3b9cea470f2af0a0446cd8194e0960bf698d70fd25d,200,2022-02-16T01:21:42.627016,,
167,text/plain; charset=utf-8,0.271,6b005b75a800e8a3254217887601bc74f0b0b885d61139f048c093a37b971cd9,7034ede9785ba31f9a58d3b9cea470f2af0a0446cd8194e0960bf698d70fd25d,200,2022-02-17T01:09:34.545594,,
167,text/plain; charset=utf-8,0.303,6b005b75a800e8a3254217887601bc74f0b0b885d61139f048c093a37b971cd9,7034ede9785ba31f9a58d3b9cea470f2af0a0446cd8194e0960bf698d70fd25d,200,2022-02-18T01:21:40.953331,,
167,text/plain; charset=utf-8,0.14,6b005b75a800e8a3254217887601bc74f0b0b885d61139f048c093a37b971cd9,7034ede9785ba31f9a58d3b9cea470f2af0a0446cd8194e0960bf698d70fd25d,200,2022-02-19T00:20:05.672636,,
167,text/plain; charset=utf-8,0.149,6b005b75a800e8a3254217887601bc74f0b0b885d61139f048c093a37b971cd9,7034ede9785ba31f9a58d3b9cea470f2af0a0446cd8194e0960bf698d70fd25d,200,2022-02-20T00:21:42.382929,,
167,text/plain; charset=utf-8,0.123,6b005b75a800e8a3254217887601bc74f0b0b885d61139f048c093a37b971cd9,7034ede9785ba31f9a58d3b9cea470f2af0a0446cd8194e0960bf698d70fd25d,200,2022-02-21T00:18:09.676185,,
167,text/plain; charset=utf-8,0.136,6b005b75a800e8a3254217887601bc74f0b0b885d61139f048c093a37b971cd9,7034ede9785ba31f9a58d3b9cea470f2af0a0446cd8194e0960bf698d70fd25d,200,2022-02-22T00:23:01.282502,,
167,text/plain; charset=utf-8,0.133,6b005b75a800e8a3254217887601bc74f0b0b885d61139f048c093a37b971cd9,7034ede9785ba31f9a58d3b9cea470f2af0a0446cd8194e0960bf698d70fd25d,200,2022-02-23T00:20:59.404700,,
167,text/plain; charset=utf-8,0.2,6b005b75a800e8a3254217887601bc74f0b0b885d61139f048c093a37b971cd9,7034ede9785ba31f9a58d3b9cea470f2af0a0446cd8194e0960bf698d70fd25d,200,2022-02-24T00:18:54.461264,,
167,text/plain; charset=utf-8,0.117,6b005b75a800e8a3254217887601bc74f0b0b885d61139f048c093a37b971cd9,7034ede9785ba31f9a58d3b9cea470f2af0a0446cd8194e0960bf698d70fd25d,200,2022-02-25T00:18:27.103999,,
167,text/plain; charset=utf-8,0.135,6b005b75a800e8a3254217887601bc74f0b0b885d61139f048c093a37b971cd9,7034ede9785ba31f9a58d3b9cea470f2af0a0446cd8194e0960bf698d70fd25d,200,2022-02-26T00:17:57.214231,,
167,text/plain; charset=utf-8,0.188,6b005b75a800e8a3254217887601bc74f0b0b885d61139f048c093a37b971cd9,7034ede9785ba31f9a58d3b9cea470f2af0a0446cd8194e0960bf698d70fd25d,200,2022-02-27T00:20:22.404680,,
167,text/plain; charset=utf-8,0.186,6b005b75a800e8a3254217887601bc74f0b0b885d61139f048c093a37b971cd9,7034ede9785ba31f9a58d3b9cea470f2af0a0446cd8194e0960bf698d70fd25d,200,2022-02-28T00:21:00.217528,,
167,text/plain; charset=utf-8,0.215,6b005b75a800e8a3254217887601bc74f0b0b885d61139f048c093a37b971cd9,7034ede9785ba31f9a58d3b9cea470f2af0a0446cd8194e0960bf698d70fd25d,200,2022-03-01T00:36:19.375979,,
167,text/plain; charset=utf-8,0.176,6b005b75a800e8a3254217887601bc74f0b0b885d61139f048c093a37b971cd9,7034ede9785ba31f9a58d3b9cea470f2af0a0446cd8194e0960bf698d70fd25d,200,2022-03-02T00:30:31.075558,,
167,text/plain; charset=utf-8,0.118,6b005b75a800e8a3254217887601bc74f0b0b885d61139f048c093a37b971cd9,7034ede9785ba31f9a58d3b9cea470f2af0a0446cd8194e0960bf698d70fd25d,200,2022-03-03T00:29:12.762583,,
167,text/plain; charset=utf-8,0.212,6b005b75a800e8a3254217887601bc74f0b0b885d61139f048c093a37b971cd9,7034ede9785ba31f9a58d3b9cea470f2af0a0446cd8194e0960bf698d70fd25d,200,2022-03-04T00:22:00.509752,,
167,text/plain; charset=utf-8,0.14,6b005b75a800e8a3254217887601bc74f0b0b885d61139f048c093a37b971cd9,7034ede9785ba31f9a58d3b9cea470f2af0a0446cd8194e0960bf698d70fd25d,200,2022-03-05T00:20:42.695010,,
167,text/plain; charset=utf-8,0.205,6b005b75a800e8a3254217887601bc74f0b0b885d61139f048c093a37b971cd9,7034ede9785ba31f9a58d3b9cea470f2af0a0446cd8194e0960bf698d70fd25d,200,2022-03-06T00:18:49.953244,,
